{
  "metadata": {
    "source": "experiments/search/results/latency_profiles_100.json",
    "n_profiles": 79,
    "n_pareto": 3,
    "timestamp": "2025-12-14T19:01:34.369030"
  },
  "pareto_frontier": [
    {
      "config": {
        "generator_model": "llama3.2:3b",
        "retriever_k": 20,
        "reranker_k": 1,
        "reranker_model": "ms-marco"
      },
      "accuracy": 0.8367575757575757,
      "latency_mean_ms": 134.4570529088378,
      "latency_p50_ms": 133.84030293673277,
      "latency_p95_ms": 155.96334720030427,
      "latency_p99_ms": 157.38603543490171,
      "latency_std_ms": 12.81729395040068
    },
    {
      "config": {
        "generator_model": "llama3.1:8b",
        "retriever_k": 20,
        "reranker_k": 3,
        "reranker_model": "ms-marco"
      },
      "accuracy": 0.8482380952380953,
      "latency_mean_ms": 184.74858354777098,
      "latency_p50_ms": 181.22011609375477,
      "latency_p95_ms": 234.01637356728313,
      "latency_p99_ms": 259.9681272171437,
      "latency_std_ms": 27.327350966355745
    },
    {
      "config": {
        "generator_model": "gemma3:12b",
        "retriever_k": 20,
        "reranker_k": 1,
        "reranker_model": "ms-marco"
      },
      "accuracy": 0.8633809523809524,
      "latency_mean_ms": 258.6522625759244,
      "latency_p50_ms": 260.9756654128432,
      "latency_p95_ms": 301.0398942045867,
      "latency_p99_ms": 314.7833563387394,
      "latency_std_ms": 22.844564865872005
    }
  ],
  "operating_points": {
    "fastest": {
      "config": {
        "generator_model": "llama3.2:3b",
        "retriever_k": 20,
        "reranker_k": 1,
        "reranker_model": "ms-marco"
      },
      "accuracy": 0.8367575757575757,
      "latency_mean_ms": 134.4570529088378,
      "latency_p50_ms": 133.84030293673277,
      "latency_p95_ms": 155.96334720030427,
      "latency_p99_ms": 157.38603543490171,
      "latency_std_ms": 12.81729395040068
    },
    "most_accurate": {
      "config": {
        "generator_model": "gemma3:12b",
        "retriever_k": 20,
        "reranker_k": 1,
        "reranker_model": "ms-marco"
      },
      "accuracy": 0.8633809523809524,
      "latency_mean_ms": 258.6522625759244,
      "latency_p50_ms": 260.9756654128432,
      "latency_p95_ms": 301.0398942045867,
      "latency_p99_ms": 314.7833563387394,
      "latency_std_ms": 22.844564865872005
    },
    "balanced": {
      "config": {
        "generator_model": "llama3.2:3b",
        "retriever_k": 20,
        "reranker_k": 1,
        "reranker_model": "ms-marco"
      },
      "accuracy": 0.8367575757575757,
      "latency_mean_ms": 134.4570529088378,
      "latency_p50_ms": 133.84030293673277,
      "latency_p95_ms": 155.96334720030427,
      "latency_p99_ms": 157.38603543490171,
      "latency_std_ms": 12.81729395040068
    }
  }
}